Distance (km),Average Speed (km/h),Calories Burned,Climb (m),Average Heart rate (tpm),Quality
15.29,1.02,1435,485,69,382.654
10.43,0.26,749,467,98,446.767
8.35,1.04,594,84,136,98.666
13.82,0.34,623,465,90,446.767
22.97,1.04,1394,319,138,364.558
10.98,0.19,752,10,145,26.837
6.02,0.17,779,73,106,103.148
2.19,0.07,640,33,101,32.369
9.67,0.25,1442,33,138,32.369
13.95,0.26,1221,229,80,601.157
3.72,0.14,529,60,124,98.165
10.34,0.24,947,74,150,103.148
24.02,4.0,544,124,133,108.066
11.77,0.21,766,55,113,92.943
7.45,0.16,1195,447,86,668.564
16.56,4.14,1427,7,107,23.248
2.85,1.43,1389,101,148,106.894
21.93,0.53,799,18,80,25.22
22.25,0.65,853,113,140,193.101
25.8,0.81,634,2,61,29.736
28.81,0.5,1331,368,96,711.721
3.89,0.09,1027,152,150,222.088
23.46,0.43,1308,235,62,627.332
15.18,1.08,531,173,97,128.493
21.75,0.56,1091,152,147,220.639
3.16,0.1,1034,185,77,240.799
22.4,7.47,1275,166,143,109.642
24.55,0.45,760,337,69,446.767
23.37,1.8,1127,376,93,180.25
11.91,0.52,1238,470,98,682.535
19.85,1.65,1160,145,138,109.642
6.04,0.38,1082,55,147,92.943
14.25,0.35,954,26,69,26.837
9.69,0.51,1397,227,97,680.65
6.73,0.25,580,51,132,90.685
9.85,0.27,1219,302,73,666.022
25.37,0.7,938,215,71,232.251
22.47,0.61,541,344,125,437.493
22.79,0.45,1335,84,144,137.277
6.5,0.14,910,275,128,432.028
7.78,0.25,619,464,139,434.214
11.8,1.97,968,450,98,158.729
13.83,0.4,513,262,94,440.947
18.96,1.19,1423,152,105,120.071
12.54,1.25,732,226,116,273.862
2.47,0.08,1344,168,121,222.088
16.24,1.02,872,181,74,141.789
24.93,12.47,889,221,62,119.939
12.22,0.31,1247,238,144,603.703
23.22,1.66,1235,64,145,90.711
11.43,0.67,925,348,111,452.007
23.51,2.94,1023,315,93,127.243
17.2,1.32,822,400,148,297.828
8.77,0.22,562,85,78,139.815
26.76,1.22,803,420,93,304.827
15.89,0.28,796,76,77,103.148
26.55,0.47,1494,373,103,795.784
18.02,0.72,505,308,139,428.399
24.66,4.11,917,232,136,118.062
12.61,0.6,926,36,146,33.905
13.31,0.25,1081,396,76,654.955
4.78,0.27,863,205,72,239.38
5.18,0.37,830,360,74,443.488
15.94,1.45,1306,333,84,304.728
27.48,1.83,841,237,146,158.343
25.27,0.43,1191,232,99,596.494
13.7,0.86,1421,412,76,746.81
13.1,0.23,1232,495,128,673.261
2.09,0.35,907,282,83,441.303
9.28,0.16,677,447,143,437.493
27.96,0.47,1432,310,115,767.662
6.87,0.18,1081,398,93,651.676
12.25,0.25,1228,330,75,675.451
9.7,0.29,1036,72,74,103.148
5.15,0.09,1292,123,121,220.565
17.29,0.48,725,104,69,212.626
6.69,0.37,917,187,133,227.746
27.3,1.37,1392,317,131,310.351
9.45,0.36,1006,429,68,538.571
3.06,0.44,1250,290,134,664.161
23.43,0.52,1371,183,63,240.799
19.83,0.9,911,174,91,133.835
22.66,1.08,1049,471,147,348.471
2.01,0.04,765,446,90,443.488
29.0,0.73,1210,457,104,663.678
13.01,0.29,756,466,140,437.493
8.18,0.21,905,257,66,447.416
22.87,2.54,836,39,77,60.004
13.29,0.49,902,113,77,220.468
5.02,0.17,950,480,96,515.991
17.24,0.54,979,369,136,513.18
19.53,0.65,873,93,101,132.235
3.29,0.11,734,53,105,91.331
21.87,3.12,1115,188,97,108.717
15.56,0.34,1459,495,132,772.036
17.89,0.58,1489,462,131,786.509
9.98,0.26,505,111,66,217.183
21.74,0.51,1327,82,82,138.198
8.92,0.31,571,488,141,434.214
3.64,0.13,792,114,141,211.843
3.27,0.12,1437,500,65,796.852
27.13,0.71,717,371,73,442.547
8.85,0.4,1487,431,73,799.582
13.59,0.42,1352,485,98,765.427
4.98,0.1,1327,419,144,695.118
17.13,1.9,1446,215,86,118.164
18.57,0.32,1226,30,63,27.086
29.87,0.64,716,140,117,199.456
8.34,0.18,852,217,93,242.877
21.67,1.97,1183,265,66,160.976
23.34,0.86,1004,453,148,508.145
24.81,1.91,1109,74,95,91.563
6.55,0.33,792,182,72,239.38
12.87,4.29,694,90,93,93.294
16.14,1.08,634,395,94,325.118
6.17,0.77,1395,259,60,764.407
13.21,0.46,1075,336,106,654.955
2.74,0.3,665,146,69,232.301
28.15,0.83,1353,11,123,24.448
17.98,0.43,800,235,87,407.117
23.87,2.17,1452,346,138,160.858
26.12,26.12,1193,13,78,23.248
15.1,0.6,1479,146,105,281.344
3.07,0.08,1259,428,112,675.773
10.93,0.32,1145,183,64,240.799
12.26,0.21,1297,281,70,696.877
7.2,0.17,1242,276,142,664.161
6.93,0.19,1196,241,88,593.215
18.71,0.53,1119,357,80,665.425
26.57,8.86,1316,50,87,83.545
5.17,0.13,1017,143,149,220.668
18.64,1.17,524,316,70,307.407
12.26,0.24,976,268,98,513.45
27.52,1.62,754,137,90,110.143
18.17,2.02,712,240,135,137.096
6.13,0.18,1246,348,134,669.982
23.35,0.65,1227,463,114,669.493
7.0,0.7,665,137,109,198.205
19.06,3.18,539,178,114,107.297
4.34,0.43,501,145,62,232.301
8.99,0.16,543,467,98,443.488
18.55,0.5,1029,325,118,536.977
24.38,1.06,912,328,71,327.451
22.2,0.43,829,231,143,402.27
9.77,0.19,1477,292,126,764.766
5.22,0.12,1027,478,146,532.046
9.1,0.16,1451,13,78,26.837
28.28,0.57,1256,249,104,676.715
11.63,0.53,1353,308,130,745.358
15.82,0.36,994,35,82,33.466
13.21,0.73,1272,358,112,687.752
21.94,0.46,1072,25,60,30.508
23.66,0.55,595,449,82,446.767
7.62,0.15,823,220,63,271.586
12.73,0.55,587,2,113,25.22
5.4,0.18,742,31,123,27.81
24.79,0.64,1112,359,133,652.531
15.05,7.53,531,143,66,119.856
16.66,0.98,1058,427,149,359.885
14.99,2.5,1011,262,121,142.65
6.05,0.25,947,277,72,510.171
3.79,0.16,1120,84,102,138.125
21.43,0.69,1457,31,81,25.422
5.41,0.34,1466,18,83,26.837
2.73,0.3,799,30,119,27.086
4.29,0.13,1314,212,139,229.166
24.62,0.49,1096,479,118,648.998
21.32,0.39,506,290,131,431.672
11.98,0.37,1135,327,130,656.151
10.37,0.19,1462,261,117,753.609
22.18,1.11,992,222,72,256.759
4.34,0.09,1490,313,95,784.814
22.22,0.48,1059,284,96,649.135
26.03,3.25,592,16,90,23.248
10.7,0.67,1003,82,112,132.133
5.35,0.1,776,500,130,434.214
28.72,0.87,532,7,122,23.757
10.66,0.39,770,348,124,437.493
6.62,0.2,827,177,146,220.668
25.37,0.63,1498,65,89,98.464
14.83,0.28,1373,458,85,776.376
8.17,1.02,1135,160,81,141.546
13.43,13.43,1439,432,149,138.756
8.77,0.55,502,453,124,434.214
14.21,0.27,1331,407,79,711.721
29.22,1.33,1181,89,108,95.008
28.01,1.27,684,136,143,117.272
6.76,0.25,673,182,67,239.38
15.84,3.96,623,265,82,117.883
26.85,1.03,1028,189,100,131.576
9.29,0.19,698,417,91,446.767
17.64,0.38,524,464,126,437.493
15.93,0.31,1074,29,93,27.086
3.77,0.09,1349,79,148,112.316
7.56,0.26,1028,431,139,532.046
23.23,0.41,1019,53,132,91.331
14.24,0.51,1358,467,143,762.178
19.83,0.43,1059,338,118,648.998
20.63,0.52,1353,241,89,680.424
15.67,0.3,768,247,125,431.672
7.65,0.15,1305,304,92,693.598
6.65,0.18,662,58,130,95.09
29.4,14.7,909,302,67,117.883
25.51,1.59,1318,225,98,268.188
27.2,0.52,645,72,86,101.531
24.16,4.03,1064,416,96,122.211
22.29,7.43,644,350,130,117.689
14.25,2.04,526,103,129,108.985
5.0,0.19,1459,463,121,768.757
8.21,2.74,792,469,64,125.477
3.65,0.14,1205,256,99,662.743
27.23,1.24,806,457,141,302.353
3.93,0.07,1302,150,143,222.088
16.11,0.32,1130,111,123,206.97
18.79,0.38,1197,368,67,671.843
12.38,0.33,1499,106,72,270.943
12.24,2.04,546,40,130,63.205
4.42,0.29,863,317,63,453.567
5.37,0.11,1124,344,118,656.188
7.91,0.47,1196,393,125,659.289
26.64,0.61,1359,320,126,759.411
11.74,2.94,1070,367,128,128.463
4.62,0.18,539,294,67,437.668
27.03,1.69,546,346,111,180.248
26.21,2.02,1201,416,105,152.762
10.28,0.2,829,344,141,437.493
22.1,0.43,1038,336,88,558.141
8.0,0.18,1420,16,148,26.837
2.34,0.04,785,459,119,437.531
20.99,0.37,506,22,66,26.837
19.68,0.37,606,115,130,219.146
14.4,0.26,1457,474,122,772.036
7.02,0.7,1139,411,131,648.19
22.21,0.85,1095,63,69,96.934
14.97,0.38,589,376,109,446.767
13.97,0.45,1137,217,62,264.795
4.29,0.33,533,190,81,239.38
10.72,2.68,745,231,117,128.35
22.03,0.37,1033,72,100,103.148
20.24,0.96,1455,460,125,452.762
4.95,0.09,1410,300,82,763.366
27.87,2.14,1476,225,110,161.365
28.24,0.74,874,344,131,436.756
3.56,0.36,904,261,126,432.028
23.64,3.38,1183,215,102,107.715
9.67,0.17,718,8,141,26.837
17.43,0.38,982,355,71,525.932
24.57,1.07,764,167,113,128.493
24.14,0.54,976,363,63,531.013
17.24,0.33,1044,261,147,622.585
17.98,8.99,885,55,79,88.976
23.1,0.96,770,74,135,92.073
4.22,0.07,632,327,84,443.488
10.78,0.37,778,315,68,445.103
17.58,0.45,1365,364,116,770.418
9.24,0.23,1152,34,124,32.369
8.42,0.27,631,132,115,220.668
3.67,0.46,668,163,102,220.668
25.68,0.76,750,8,123,24.448
18.67,0.37,943,465,105,519.27
28.19,1.17,659,432,113,308.951
13.13,0.36,934,52,134,90.685
5.21,0.18,938,436,122,492.108
8.36,0.42,1424,284,62,775.108
16.17,0.32,509,254,94,440.947
23.6,0.47,996,417,76,528.872
12.37,0.88,744,151,95,144.882
12.61,0.35,637,75,75,103.148
23.62,0.55,646,17,116,25.22
28.96,0.58,631,495,121,437.493
4.38,0.44,571,400,140,434.214
15.34,5.11,1199,206,117,108.717
28.38,1.49,506,448,112,297.828
14.17,0.35,1340,289,96,710.991
15.89,0.64,1055,205,144,207.954
7.35,0.22,1419,88,103,138.125
4.63,0.08,1039,355,86,554.862
18.15,0.63,625,7,77,24.448
4.66,0.93,650,52,114,87.227
3.3,0.1,1279,63,122,100.111
18.25,0.48,1305,342,88,707.671
26.36,26.36,1282,413,129,124.588
6.97,0.87,708,474,75,430.262
22.49,1.32,565,479,96,297.828
13.5,4.5,1448,336,126,138.756
12.67,0.32,552,162,72,232.301
23.42,0.73,1434,461,104,773.146
26.54,0.88,631,16,86,23.757
29.41,0.87,1050,167,104,147.185
24.24,1.62,862,90,129,93.294
25.45,0.91,1061,160,147,131.652
9.83,1.23,586,22,87,23.248
10.01,0.4,1212,225,125,588.302
21.02,0.55,874,23,114,25.22
23.64,1.58,1440,312,69,324.429
16.69,0.88,1459,241,71,644.657
26.46,0.48,1222,435,82,671.843
28.83,0.85,978,212,99,173.343
20.52,0.35,1288,294,145,680.201
22.46,0.68,641,213,132,202.746
29.87,0.75,823,37,136,57.401
20.41,4.08,1355,465,107,131.755
5.87,0.1,911,17,89,26.837
3.81,0.42,1458,395,135,768.757
17.14,0.54,1469,481,70,802.861
5.05,0.1,1190,331,107,668.564
13.28,0.31,717,303,140,431.672
11.63,0.28,907,159,81,232.301
16.6,0.34,1123,29,78,27.086
2.64,0.06,1005,267,110,525.989
27.94,0.96,1038,186,134,131.576
2.53,0.13,969,14,135,26.837
9.31,9.31,1149,407,102,122.211
5.44,2.72,568,158,128,108.223
21.66,0.7,1481,407,141,781.828
3.69,0.12,723,298,118,431.71
28.44,5.69,898,409,65,117.689
27.93,0.8,1278,463,141,681.264
14.51,0.25,936,206,66,239.38
4.38,0.1,1390,221,64,552.561
7.33,0.33,1341,345,105,722.134
7.54,2.51,607,42,72,65.138
18.7,0.45,1127,111,143,206.97
22.65,0.98,746,243,117,326.048
3.33,0.14,1405,231,97,682.08
26.77,5.35,1241,107,99,110.078
4.12,0.08,1300,389,62,716.135
26.82,1.41,1373,483,84,311.895
28.56,0.62,1262,245,95,676.715
28.1,0.7,894,267,116,435.35
15.86,0.34,1108,40,67,66.794
23.58,7.86,813,240,145,118.062
21.56,0.42,676,359,124,437.493
27.27,0.8,899,378,146,435.341
23.5,2.94,896,252,78,124.135
23.91,2.39,976,141,69,119.856
5.47,0.1,711,409,76,443.488
18.14,1.13,1490,412,80,405.984
5.76,0.82,845,375,62,449.296
13.28,0.53,938,184,101,227.746
5.02,0.18,1002,225,142,472.119
6.16,0.12,1072,152,86,227.069
5.44,0.39,1027,399,88,541.32
2.78,0.07,812,273,90,437.668
23.98,1.84,1212,170,77,121.276
13.34,2.67,1432,197,77,120.35
2.42,0.24,949,183,148,227.746
29.82,0.57,797,409,114,440.81
4.74,0.12,602,141,143,220.668
4.57,0.91,1393,183,66,144.948
25.07,12.54,1020,469,89,120.354
22.11,1.11,943,77,76,93.267
28.67,1.69,659,183,85,113.941
21.94,1.99,785,450,74,156.064
22.51,3.75,835,138,92,110.143
29.37,0.54,1178,222,82,482.905
7.89,0.61,637,208,124,212.642
6.63,6.63,1184,308,102,124.782
8.59,0.17,1193,492,91,668.564
14.28,1.19,741,76,96,91.563
13.63,0.24,642,322,114,439.145
4.03,1.34,1357,368,82,318.973
14.88,0.26,629,207,130,227.746
7.2,0.19,1110,164,104,222.088
29.58,1.29,976,395,81,307.492
4.08,0.09,1154,175,126,222.088
7.17,0.13,1313,338,136,695.118
28.35,0.6,1227,382,64,687.194
26.85,0.99,696,293,72,323.552
17.87,0.32,647,249,128,431.672
5.57,0.22,1118,330,78,662.146
6.81,0.19,1086,111,63,218.603
19.9,0.39,766,99,90,175.703
8.87,0.55,693,92,122,138.183
28.57,1.9,1094,273,136,172.29
27.36,0.5,838,203,91,229.666
24.98,1.92,941,491,80,162.271
29.68,0.8,791,67,149,98.818
22.4,1.72,528,134,137,108.223
13.03,1.0,1049,261,69,347.047
10.06,0.26,1288,250,142,680.201
20.77,2.31,718,182,118,107.297
4.1,0.16,678,331,91,443.488
17.08,0.36,991,329,136,519.598
13.13,1.46,1056,495,80,302.351
14.06,0.24,608,104,86,205.974
11.68,0.27,1350,329,132,756.152
29.55,29.55,517,491,141,117.689
18.11,0.91,1422,29,130,24.007
3.22,0.17,694,402,105,443.488
19.87,2.84,1290,469,69,132.377
10.39,1.04,1014,27,70,23.757
2.54,0.06,845,77,139,112.316
15.28,3.82,968,158,135,108.223
28.26,1.23,812,177,95,119.192
5.15,0.17,1477,375,93,792.505
3.6,0.26,866,401,143,434.214
3.91,0.1,1223,370,132,659.289
10.68,0.19,776,217,83,250.9
24.37,1.02,1467,277,136,388.023
29.78,29.78,586,52,132,86.717
27.26,0.49,1304,50,73,86.636
26.42,2.03,769,397,147,141.972
22.78,0.48,527,70,79,101.531
28.96,0.67,978,365,117,511.816
8.55,0.18,1473,382,138,783.23
2.77,0.05,1460,141,126,284.282
14.74,1.13,1048,313,85,349.401
18.21,1.07,1149,164,132,129.913
23.79,0.66,1243,93,61,137.994
12.23,0.36,825,423,88,446.767
10.86,0.54,1256,213,133,229.166
23.33,0.45,681,442,83,446.767
24.76,0.62,1017,280,128,529.504
27.43,1.37,538,425,87,297.828
29.02,0.71,1406,437,141,767.354
26.08,0.87,669,155,64,157.398
23.54,0.69,519,395,72,442.547
8.74,1.46,1344,106,63,122.038
10.14,0.27,909,210,123,227.746
17.04,3.41,1398,109,112,110.369
4.31,0.08,1095,161,115,222.088
14.45,0.38,1460,69,98,103.148
7.29,0.18,894,171,79,232.301
9.75,0.29,1335,390,62,728.577
7.48,0.16,950,165,85,227.312
21.03,0.4,695,287,97,440.947
7.06,0.29,1221,87,75,139.815
25.72,2.34,1344,86,112,93.294
22.1,22.1,784,200,134,107.297
10.96,0.39,1201,196,106,229.166
10.71,0.71,787,67,92,100.188
17.43,0.36,880,122,100,219.146
21.25,5.31,625,490,134,117.689
27.3,0.46,1372,38,83,61.204
26.28,26.28,1037,457,93,120.354
13.75,0.26,1084,422,142,645.681
27.14,0.66,990,292,125,506.559
24.45,3.06,1041,43,92,65.138
23.1,0.44,1294,491,106,700.269
9.09,0.35,1474,397,92,792.505
14.05,0.34,669,282,61,452.69
23.33,0.6,748,377,86,446.767
12.9,0.34,756,27,71,26.837
6.05,0.61,1440,21,111,24.448
16.16,0.46,972,424,95,519.27
29.27,0.65,985,339,75,525.932
17.19,0.35,757,448,147,437.493
27.57,0.59,1493,178,108,288.422
10.16,0.44,1066,250,120,639.861
11.15,1.86,936,210,144,107.297
20.13,0.69,1016,318,145,526.442
21.8,0.39,575,377,114,440.81
23.84,0.75,855,116,64,209.682
7.43,0.2,909,467,115,441.165
27.32,3.42,1248,192,127,108.717
11.37,2.27,1242,106,135,110.405
23.04,0.41,861,161,92,222.588
16.07,0.33,1151,307,76,659.605
15.34,7.67,1229,165,67,121.276
20.21,0.63,701,202,90,208.454
2.72,0.05,1371,348,134,763.822
17.98,0.44,550,31,74,26.963
21.16,1.11,1315,277,132,346.95
10.26,0.79,937,455,83,492.804
13.11,0.35,1264,246,62,688.457
16.01,4.0,902,461,149,117.689
13.81,0.92,1032,270,137,406.724
20.19,2.52,857,49,63,80.555
15.79,0.53,984,20,96,25.22
5.52,0.5,1074,461,71,651.676
23.02,0.39,1070,323,129,644.017
5.93,0.24,1268,392,119,673.298
22.97,22.97,957,446,79,120.354
24.42,2.04,1217,249,87,146.884
7.68,0.4,1488,297,76,777.839
4.37,0.13,1457,449,119,772.074
9.18,0.54,638,278,145,431.672
24.87,0.64,650,28,144,24.448
12.15,0.23,990,485,126,519.598
22.03,2.45,1012,112,62,120.582
23.95,0.58,907,422,82,450.402
28.15,0.48,972,298,109,513.45
21.95,0.41,775,15,76,26.837
28.31,3.15,1135,226,111,121.842
23.35,1.37,1358,164,71,126.739
13.12,0.37,522,73,136,103.148
18.41,0.63,516,277,69,440.947
4.73,0.32,1036,238,63,497.245
10.98,0.24,1464,327,145,772.036
10.91,0.34,875,147,132,220.668
8.58,0.21,633,57,63,93.763
26.44,5.29,701,243,62,117.883
15.26,0.32,683,244,61,452.69
14.23,7.12,832,341,121,117.689
9.87,0.18,1098,142,66,233.721
7.88,0.15,1408,370,106,778.031
29.31,0.95,863,473,134,344.023
22.52,0.56,1003,190,76,237.931
22.47,0.41,914,382,72,450.402
23.22,0.6,1285,247,63,701.218
18.3,0.46,1103,258,100,655.986
4.18,0.12,1021,172,80,233.721
12.85,0.29,1111,362,138,652.531
12.6,12.6,1052,339,73,122.211
10.75,0.19,719,420,150,437.493
26.0,8.67,1316,36,90,32.705
9.09,0.22,1036,201,84,240.799
5.03,0.42,1260,70,81,103.148
13.19,0.23,1257,165,124,222.088
7.55,0.13,1237,193,146,229.166
27.2,1.51,1423,213,113,108.717
25.74,2.57,1412,159,112,109.642
6.09,0.19,719,316,72,441.824
16.42,0.3,1210,91,135,138.125
18.42,0.36,1390,412,87,781.31
5.28,0.15,615,69,72,103.148
17.16,0.33,821,258,99,440.947
6.47,0.17,1199,59,101,95.09
24.98,3.12,1443,96,81,103.828
29.53,1.34,1410,58,123,89.967
8.84,0.42,1364,238,64,688.886
18.1,0.6,690,120,92,218.127
22.92,0.92,1325,365,118,499.057
12.28,0.45,1231,177,118,222.088
11.37,0.71,909,266,147,432.033
5.35,0.1,962,487,80,515.991
10.91,0.26,1002,358,120,529.297
20.6,0.57,1064,196,150,227.717
8.46,0.19,972,395,148,506.717
5.95,0.13,657,83,128,138.125
3.88,0.07,925,334,66,459.062
23.41,1.46,963,414,94,300.494
21.88,1.46,747,35,113,29.877
19.23,1.48,642,30,140,23.497
17.98,0.4,983,317,95,524.268
14.62,0.47,932,123,113,219.146
3.44,0.11,650,235,74,407.137
25.28,0.6,597,349,147,437.493
16.27,0.38,1083,492,71,654.955
24.13,12.07,958,372,75,120.354
4.47,0.17,795,432,69,443.488
2.21,0.04,876,459,84,447.123
27.1,0.66,1165,412,103,663.678
29.75,0.71,1279,400,97,692.105
14.1,0.45,688,52,141,89.837
28.66,0.84,1215,315,127,640.015
22.61,0.39,914,81,145,134.317
28.43,0.49,955,23,117,25.22
13.6,0.38,908,11,113,26.837
25.46,0.43,1268,212,115,229.166
19.5,0.4,1237,29,85,27.086
21.3,0.45,726,278,79,440.947
28.0,1.47,738,382,107,297.828
7.86,1.57,1491,312,102,326.208
10.69,0.4,840,31,106,27.81
28.01,0.76,1389,484,93,773.146
22.18,0.96,1274,410,81,427.649
23.69,0.55,1415,83,145,136.508
27.09,1.0,576,37,102,56.71
11.23,0.31,544,193,63,239.38
13.81,3.45,1425,280,98,138.95
13.34,0.43,572,338,119,440.81
6.53,0.12,734,44,140,68.727
11.13,0.59,1475,390,97,795.784
21.87,2.43,739,13,139,23.248
5.21,0.87,1258,243,131,639.353
4.39,0.09,1032,29,104,27.086
14.0,0.64,540,42,73,66.338
26.13,6.53,1134,123,143,109.486
18.26,0.87,1415,334,135,733.941
7.42,0.22,672,138,117,220.668
14.6,0.61,512,136,70,217.197
6.91,0.13,1462,463,91,778.031
18.76,3.75,595,14,99,23.248
29.02,0.85,1474,155,78,244.049
29.41,0.5,1330,152,126,222.088
25.62,0.73,994,236,139,461.695
18.81,1.71,1297,290,136,178.79
20.96,5.24,1283,134,121,109.642
23.59,0.94,801,250,105,345.916
9.07,0.25,1192,199,60,242.237
29.95,14.98,893,121,89,109.986
22.48,0.64,688,119,121,199.3
8.54,0.53,901,459,63,458.866
14.64,0.25,1416,117,139,220.565
21.86,2.73,691,437,93,125.477
3.5,0.09,1102,475,70,658.527
18.35,0.33,918,149,103,220.668
13.05,1.45,1301,13,97,23.248
9.41,0.17,620,208,139,227.746
23.75,0.53,676,44,103,67.11
24.46,0.49,1416,133,84,233.721
5.13,0.24,1397,246,144,747.013
27.0,0.71,779,86,136,132.133
24.23,1.21,953,82,104,96.807
27.1,5.42,1283,227,133,124.22
19.41,2.16,897,316,122,140.428
19.08,0.37,1234,432,64,694.278
15.41,0.31,592,65,72,100.111
15.96,3.19,1200,289,74,124.782
8.65,0.26,1061,220,63,314.117
14.63,0.46,1028,281,74,538.779
15.54,3.11,750,129,140,108.223
8.4,0.21,575,294,74,437.668
2.19,0.04,525,217,98,240.957
4.81,0.23,775,143,63,232.301
13.61,0.24,1095,4,136,26.837
18.94,0.34,1155,66,129,103.148
14.16,3.54,873,405,104,117.689
5.25,0.15,1489,316,85,784.814
19.65,0.39,1235,306,136,667.44
29.54,0.57,1013,10,104,25.22
18.63,1.24,650,409,128,302.353
19.46,1.62,1294,347,113,302.852
26.79,0.6,1240,360,148,673.261
26.31,0.64,837,287,143,431.672
3.84,0.07,1183,47,99,78.538
18.61,1.16,1074,232,128,286.687
11.94,0.23,834,318,125,435.828
7.57,0.54,651,64,121,98.494
18.13,0.34,763,398,118,440.81
29.44,3.68,555,243,114,117.883
13.55,0.34,1079,492,101,654.955
7.05,0.23,1140,432,61,673.889
26.16,0.75,772,379,110,442.547
24.16,1.15,1377,30,83,23.497
6.0,0.86,848,234,142,378.383
11.89,0.57,784,97,112,171.487
8.41,0.76,1128,360,126,648.19
20.26,0.39,780,313,135,435.828
22.52,2.05,1286,191,82,120.35
24.57,4.1,785,292,144,117.883
7.39,0.22,1136,199,66,240.799
25.84,0.76,1153,231,150,584.298
16.43,0.5,896,331,132,441.128
9.23,0.44,569,208,61,240.817
11.96,1.99,504,488,116,156.064
3.02,0.08,1190,422,123,659.289
27.23,6.81,891,312,120,118.326
9.06,0.18,1389,466,145,768.757
4.11,0.09,1235,443,75,679.256
16.66,0.79,549,412,83,438.854
12.08,0.24,1230,327,149,669.789
9.58,0.18,1226,91,114,138.125
11.31,0.33,925,279,102,450.407
18.83,2.35,1380,392,101,153.857
26.09,0.64,1376,190,84,219.587
28.93,1.52,601,167,96,110.143
29.0,1.0,715,383,88,327.451
6.1,0.23,1077,90,120,138.125
18.85,9.43,1381,337,82,138.833
27.29,0.59,790,273,69,440.947
26.09,1.37,624,25,72,23.248
3.39,0.38,1009,374,94,535.292
11.18,0.24,1116,152,144,222.088
25.55,0.95,1450,52,118,87.227
15.46,15.46,1159,67,76,91.563
2.8,0.08,1195,186,109,229.166
25.71,0.47,994,83,120,136.508
26.48,0.66,845,429,72,442.547
23.94,1.04,555,329,121,324.977
4.22,0.13,806,241,115,398.991
15.25,0.29,877,77,101,112.316
4.06,0.19,674,316,97,441.824
22.99,0.5,629,69,65,101.531
12.43,6.22,768,63,119,90.711
4.1,0.26,1012,72,105,103.148
18.86,3.14,1145,126,77,121.276
14.25,0.65,941,360,80,512.267
20.0,1.0,1376,12,95,23.757
10.3,0.37,990,306,140,513.777
11.77,0.24,956,379,138,509.996
22.55,1.03,1086,418,77,350.945
9.97,0.5,1347,357,142,747.762
7.74,0.22,863,260,135,428.393
27.43,0.95,778,12,130,23.757
12.75,0.4,545,10,135,26.837
14.75,2.11,1248,307,106,146.884
24.41,1.22,1291,270,131,305.354
24.19,1.15,1208,241,80,297.483
3.95,0.07,1209,164,145,222.088
17.73,0.45,977,198,115,227.746
28.61,0.51,1443,363,79,788.388
28.73,0.59,1423,399,81,788.388
20.0,2.86,686,337,122,123.941
2.14,0.05,542,163,96,222.588
24.65,0.67,1157,437,65,675.421
29.71,0.76,1248,278,95,666.013
15.09,15.09,1284,71,138,91.563
5.7,0.1,1376,48,70,83.295
11.42,0.25,796,455,93,446.767
28.02,14.01,1402,263,93,135.356
17.59,0.55,534,443,150,437.493
4.51,1.5,1198,100,85,111.0
17.9,0.43,1183,256,133,656.748
15.69,0.6,752,241,83,410.416
24.71,0.54,1500,315,78,795.171
29.58,1.14,1372,138,95,126.909
28.19,0.67,1294,57,61,97.404
20.11,0.74,1074,328,80,646.791
22.04,0.61,580,350,60,458.51
13.59,0.52,711,104,138,200.993
3.97,0.14,606,353,110,440.005
15.43,0.96,965,449,93,372.609
8.04,0.29,874,478,122,434.214
27.49,0.54,1110,152,143,222.088
12.98,0.24,1480,23,141,26.837
28.79,0.76,533,104,107,184.009
21.83,10.92,1327,380,128,126.977
11.2,0.29,1063,325,126,644.017
14.82,0.36,536,47,61,81.194
14.88,0.78,526,139,141,198.205
9.76,0.22,1153,340,127,662.568
26.4,0.5,761,351,60,458.51
18.9,0.9,730,156,140,131.914
5.45,0.16,1246,345,63,690.999
11.0,0.19,657,238,120,402.27
15.58,1.73,994,308,103,174.555
15.61,5.2,1349,8,60,25.904
24.09,0.54,550,112,73,217.183
19.97,0.53,1269,159,132,222.088
14.17,0.33,756,115,74,230.779
26.35,0.54,919,310,120,439.463
27.79,0.93,982,230,94,335.255
23.38,3.34,717,332,90,117.689
28.08,9.36,1062,427,104,122.211
29.22,1.04,1286,329,92,353.323
17.7,1.48,1190,495,111,304.728
5.72,0.52,1098,374,118,645.719
6.67,0.14,1472,306,122,761.487
23.02,2.3,787,423,89,139.791
10.21,0.22,1253,488,122,673.261
19.09,0.32,1182,327,79,671.843
27.98,0.93,1165,57,136,90.305
13.29,0.55,742,275,102,440.947
18.95,3.79,1360,375,122,131.755
6.98,0.13,1168,203,70,240.799
6.17,0.16,1133,247,148,647.051
2.5,0.05,1174,446,143,659.289
15.07,7.54,857,309,100,117.972
29.24,2.09,890,105,110,108.985
2.72,0.14,1329,60,143,98.165
26.43,0.46,916,191,122,227.746
5.48,0.14,1376,247,89,756.288
18.17,1.65,1205,410,78,259.195
9.42,0.34,984,393,119,519.975
12.12,1.35,1184,44,134,65.138
15.4,0.47,1067,82,149,136.508
14.32,0.49,567,317,105,445.103
23.03,1.0,1151,340,72,350.945
26.62,0.86,1345,218,89,195.891
8.1,0.14,1297,398,72,704.392
29.97,1.36,772,416,91,297.828
13.24,0.32,681,191,97,227.746
17.67,5.89,1068,212,135,108.717
8.68,1.24,610,366,62,304.827
6.75,0.29,1257,71,141,103.148
22.36,0.97,1422,205,113,131.576
6.97,0.32,812,442,126,434.214
27.27,0.5,856,50,143,86.636
5.07,0.1,1067,132,82,233.721
13.42,0.26,1285,107,71,216.526
15.56,15.56,806,108,78,120.582
7.79,1.95,605,17,94,23.248
28.75,1.44,916,188,72,118.931
25.4,1.06,1124,298,84,347.047
10.24,0.34,1124,235,130,586.593
21.16,0.88,837,474,132,424.471
14.21,0.26,572,363,64,458.51
24.81,0.52,887,32,86,26.193
2.2,0.05,700,436,60,455.231
9.52,0.56,1436,350,130,772.036
9.18,0.18,882,361,141,441.128
7.61,0.32,1023,101,128,180.853
4.16,0.15,1327,140,103,222.088
19.85,0.46,1179,317,89,670.178
5.09,0.09,1408,329,120,768.757
18.3,0.41,1405,230,85,686.723
17.67,0.32,703,57,137,93.763
11.52,0.24,1122,371,69,665.425
27.15,27.15,1319,420,115,124.588
4.35,0.87,1008,161,95,147.685
20.89,0.35,1154,116,147,220.565
3.59,0.09,1215,87,114,138.125
15.5,0.5,1199,29,141,25.469
16.99,1.7,550,78,96,91.407
16.48,0.66,849,19,130,24.448
28.84,4.81,1377,329,109,131.755
12.07,0.4,678,467,63,458.51
4.42,0.12,1235,159,118,222.088
28.45,2.37,921,415,95,139.791
27.79,1.21,567,164,75,128.905
4.76,0.17,1402,265,103,756.288
28.69,2.87,1171,87,129,93.294
28.57,0.58,733,367,114,440.81
21.85,1.56,1380,458,149,311.895
17.53,0.63,757,259,125,431.672
15.17,0.47,911,466,123,441.128
16.62,0.76,1159,136,127,199.625
19.09,1.74,1491,7,79,23.248
20.0,2.86,834,318,130,124.578
21.83,0.68,720,203,65,214.38
23.73,0.58,1161,224,129,582.904
20.97,1.91,1221,317,66,167.183
21.66,0.53,1424,425,108,781.31
29.16,0.57,1355,69,71,101.531
14.97,0.43,630,228,135,402.27
27.78,1.32,1441,116,69,126.583
3.36,0.34,1258,54,113,91.331
28.83,0.55,861,210,107,226.298
29.65,0.56,1129,273,85,659.605
2.87,0.07,761,99,141,173.783
28.78,7.2,1281,431,124,124.588
12.21,0.22,1022,74,92,103.148
28.96,4.83,509,450,147,117.689
26.21,0.5,924,190,143,227.746
25.63,2.33,1186,415,132,146.691
15.8,0.33,1172,391,134,662.568
10.87,0.24,672,209,62,239.38
19.27,0.38,1247,470,115,676.577
27.35,0.54,980,269,121,507.36
24.63,0.67,903,352,83,446.182
21.31,0.97,843,124,134,128.337
7.36,0.43,1302,121,104,220.565
3.15,0.13,1323,52,132,90.685
8.18,0.14,833,113,87,212.119
4.62,0.21,1493,304,67,777.839
20.04,6.68,1205,11,143,23.248
23.3,0.61,1018,434,111,541.116
19.76,1.98,988,315,134,157.185
28.02,0.49,1304,172,77,233.721
22.44,0.58,775,417,96,446.767
5.86,0.12,1473,191,89,293.28
17.87,0.3,1123,180,115,229.166
9.63,0.17,960,434,68,519.27
7.86,7.86,1240,58,150,89.967
18.64,0.78,1442,459,128,767.354
5.14,0.19,978,291,83,513.356
22.29,0.66,1468,354,114,785.145
27.41,1.25,931,220,107,150.837
12.8,1.83,1383,211,148,108.717
27.44,0.98,1184,338,98,364.737
16.51,0.92,1110,319,92,469.398
28.37,0.75,1284,13,126,24.448
22.78,0.84,698,144,123,171.365
21.27,0.82,759,278,119,426.721
24.3,1.01,1380,41,126,63.714
19.38,3.88,708,430,74,117.689
27.35,1.71,742,189,101,107.297
13.14,0.25,960,147,71,232.301
17.99,0.33,1355,471,73,778.531
8.36,2.79,1473,216,74,173.687
8.99,0.22,744,60,110,98.165
6.54,0.13,1097,412,121,642.402
9.66,0.25,585,123,107,219.146
19.9,1.42,1265,149,73,121.276
28.87,0.93,976,106,145,122.647
26.29,0.46,1157,241,105,596.494
4.53,0.12,1054,210,83,240.799
15.47,0.34,1292,208,113,229.166
8.98,0.75,922,500,70,442.903
5.49,0.16,767,299,113,434.184
20.85,0.55,832,38,94,61.204
2.74,0.07,643,124,76,230.779
21.53,0.77,1134,229,145,577.88
14.21,3.55,546,474,113,117.689
14.85,0.53,1140,176,127,222.088
10.38,0.29,947,135,90,222.588
13.55,0.47,902,258,127,435.307
27.76,2.31,1255,362,134,146.691
9.39,0.17,1015,289,141,529.504
20.73,0.9,1071,492,147,600.272
9.94,1.66,1334,449,97,261.583
18.8,6.27,1480,412,122,143.101
28.35,2.84,1473,204,115,170.911
20.96,10.48,814,264,118,117.883
5.43,2.72,1096,407,128,129.999
7.53,0.38,565,269,134,428.393
21.14,3.52,943,297,128,120.548
25.09,0.43,876,332,101,450.402
20.53,0.51,1079,273,134,639.861
7.22,1.44,670,225,129,261.289
15.47,0.29,688,30,147,27.086
23.88,1.19,672,465,111,308.951
22.0,0.65,704,324,134,435.828
26.31,3.76,1323,191,139,108.717
13.75,13.75,1188,145,102,109.642
14.81,0.87,915,133,80,157.398
16.5,0.42,942,173,76,232.301
4.31,4.31,594,124,98,108.066
19.6,0.53,773,402,85,446.767
11.85,0.59,1029,464,136,535.325
24.72,1.12,1353,337,120,366.102
3.43,0.15,1364,191,107,229.166
15.42,0.34,1094,66,110,103.148
25.21,1.1,550,149,108,126.524
3.7,0.14,1343,332,142,735.876
11.93,0.21,1182,365,71,671.843
24.57,0.55,608,84,72,138.198
15.26,1.02,772,244,72,323.552
26.47,0.5,1425,358,102,781.31
21.74,1.55,520,287,65,291.341
25.22,0.54,1495,193,85,298.004
29.12,0.51,660,319,95,445.103
10.78,0.43,1020,279,113,535.296
18.67,0.33,534,423,78,446.767
23.02,0.68,870,77,85,109.356
8.37,0.28,507,253,130,428.393
29.04,0.74,820,188,141,202.746
24.96,0.69,1230,303,141,656.75
8.92,0.89,1369,328,68,741.876
5.36,0.18,1467,381,139,783.23
12.46,0.21,774,194,80,239.38
12.1,2.42,570,13,107,23.248
7.85,0.3,974,139,100,220.668
13.24,0.36,1132,426,138,656.151
23.16,0.93,524,466,104,354.796
9.46,0.53,1155,427,119,665.885
21.04,0.37,1425,90,116,138.125
25.89,1.62,1467,347,98,321.365
15.17,0.76,1093,55,140,91.296
4.04,0.08,1076,281,125,636.582
3.69,1.85,702,327,124,175.728
28.75,0.76,1100,293,141,639.493
3.26,0.09,889,315,68,445.459
4.48,0.11,868,327,75,443.488
29.95,3.33,1107,208,64,120.35
20.89,0.49,791,145,76,232.301
10.88,0.25,1475,151,61,297.352
22.87,7.62,1246,127,116,109.642
27.78,1.26,1335,13,114,23.248
23.98,0.43,843,431,86,446.767
16.7,0.33,1265,274,94,676.715
28.74,3.59,974,199,60,123.0
28.97,3.62,539,92,132,93.395
9.11,0.18,971,459,105,515.991
22.66,0.55,1021,470,62,556.342
14.93,0.75,927,288,62,455.393
23.16,0.59,1372,227,149,672.232
8.21,0.43,904,115,112,219.146
24.32,2.43,561,300,96,139.985
14.88,0.65,932,420,133,468.2
13.5,0.24,651,124,130,219.146
29.5,1.97,1309,278,131,160.976
18.85,0.79,1319,361,63,707.556
27.32,0.58,836,390,83,446.767
8.67,0.18,1357,11,79,26.837
10.31,0.37,1041,131,145,222.088
25.83,12.92,980,381,77,120.354
4.28,0.31,1080,272,131,636.582
9.39,0.2,948,226,131,456.096
13.83,1.54,1425,76,146,91.563
12.09,1.1,809,458,109,325.118
3.11,0.12,552,171,123,220.668
9.85,0.28,1312,88,96,138.125
18.83,0.75,642,352,140,436.756
10.36,0.2,1194,334,84,671.843
17.99,0.31,1375,1,64,26.837
2.42,0.06,1359,138,108,222.088
19.54,0.4,795,335,113,443.284
23.6,2.95,885,388,85,123.941
5.54,0.79,566,37,132,57.401
17.4,0.4,1400,440,144,772.036
5.26,0.13,1296,378,75,704.392
17.24,0.52,672,76,89,101.531
18.64,0.48,650,9,143,25.22
5.53,0.11,978,52,144,90.685
28.55,0.57,695,98,124,171.487
21.13,2.64,665,209,115,107.297
24.02,0.47,796,342,104,446.767
3.93,0.15,663,280,72,437.668
14.35,0.25,514,77,77,112.316
9.4,0.41,982,146,149,220.668
21.12,0.46,1255,268,67,676.715
6.08,0.14,882,98,65,182.097
15.76,3.94,1113,144,143,109.642
26.85,6.71,535,443,80,117.689
21.92,1.22,842,346,107,304.827
16.14,0.52,654,409,95,446.767
17.61,0.38,864,408,135,437.493
13.5,0.71,875,152,109,198.205
5.63,0.14,901,380,61,458.866
2.82,0.06,987,458,61,537.336
13.78,0.73,994,279,90,512.35
29.98,1.3,1092,274,81,301.175
8.14,0.27,1345,17,100,26.837
10.84,1.2,984,289,145,301.119
18.54,0.42,691,246,105,440.947
11.08,2.22,1363,333,111,153.857
8.54,0.24,1282,403,81,696.99
12.15,0.27,1190,408,124,662.568
25.13,2.51,637,206,82,118.931
2.36,0.06,1326,96,87,161.883
6.57,0.33,1167,86,68,139.815
12.51,6.26,1338,21,112,23.248
22.11,0.55,521,346,72,446.767
12.96,0.39,1305,443,146,698.397
4.35,0.21,602,305,125,428.393
13.62,1.05,1395,185,84,143.209
